,gemma-4-E4B-it,llama-3.2-3b-instruct,qwen3-4b
detection_accuracy,0.18390882317527224,0.22767959431107634,0.19481872480080825
spatial_dispersion,0.37342718109141465,0.35400439698492464,0.34370567375886524
alibi_corroboration,0.346186187653426,0.3566126764766552,0.3369511961860824
alibi_grounding,0.6163490690805922,0.5696948761480156,0.6561519099819245
social_influence,0.1559503861541177,0.1799396286417632,0.17833660552658742
belief_volatility,0.03962434507222704,0.09247540729216097,0.061708467143060754
faction_consensus,0.3095377561094253,0.4571175972336465,0.31047448528090277
objective_viability,0.9590405306968209,0.9483623267840143,0.9790440234757013
