role,family_relation,n_rows,detection_accuracy,spatial_dispersion,alibi_corroboration,alibi_grounding,social_influence,belief_volatility,faction_consensus,objective_viability,deceptive_efficacy
Crewmate,across_family,10215,0.20148356431634212,0.3509822156958721,0.4254961608443945,0.6001682069043422,0.16435866702247603,0.0982087960190938,0.4325154976148537,0.967082979675446,
Crewmate,within_family,3382,0.18562359018619673,0.3526118667455155,0.3304998020640372,0.5986180632782171,0.21543313684185125,0.07708254255932225,0.2831230069958269,0.9387866790496457,
Impostor,across_family,4084,,0.29474779627815867,0.4066996529817607,0.5541614698914593,0.1516638873965435,0.135369836564343,0.362451977532944,0.5515391074280583,-0.053929423767548154
Impostor,within_family,1365,,0.2695970695970696,0.37424286328594675,0.5542246559819243,0.20930909269034118,0.12650261656071965,0.2379562989657522,0.5493820275577713,-0.07619072283272282
