,deepseek-r1-distill-llama-8B,deepseek-r1-distill-qwen-32b,gemma-4-26B-A4B-it,gemma-4-31b,gemma-4-E4B-it,llama-3.1-8b,llama-3.2-3b-instruct,llama-3.3-70b,qwen3-32b,qwen3-4b,qwen3-8B
deceptive_efficacy,-0.06332135826771652,-0.07578036175710594,-0.1184305912596401,-0.10301059190031152,-0.031591307066916825,-0.024517382413087933,-0.05367479674796748,-0.02112077702702702,-0.08910843079922029,-0.05918811907983762,-0.05426088854648177
spatial_dispersion,0.23868110236220472,0.35658914728682173,0.2827763496143959,0.27686915887850466,0.23076923076923078,0.31441717791411045,0.3197408536585366,0.22212837837837837,0.30409356725146197,0.3061569688768606,0.30431432973805855
alibi_corroboration,0.516864281782701,0.4736582753284959,0.42903131564139774,0.4082514058457929,0.37340214499810764,0.32739388248509455,0.3197784388048865,0.32290594158567043,0.4369123038037514,0.4220711365780922,0.40874789044949666
alibi_grounding,0.48363509298656815,0.6387651537738396,0.5688232860012087,0.6085845098737818,0.5809115003229852,0.5869873479307203,0.48730170988010324,0.5726567069202405,0.5300926979578782,0.5761295874842632,0.5704997919935386
social_influence,0.1090228731291865,0.15834961045658483,0.2555214377048672,0.27309717077651285,0.17529171220212117,0.12303562049429038,0.13803908935836345,0.21078346936213718,0.19440010715870634,0.1654468508230569,0.1381117176120976
belief_volatility,0.15128839136169248,0.12646264283508038,0.11123654083645268,0.08730757101842251,0.06576907531733854,0.17479183909550294,0.20430277527284793,0.09409453807807006,0.12833245141141117,0.1297845422225139,0.11692321491558001
faction_consensus,0.7309009854722399,0.6822736981462111,0.17663573786296646,0.09638182108975689,0.27920534704078603,0.3299189022375857,0.3757256711871355,0.260106359648066,0.21199263338455235,0.308547806687663,0.3020112751104533
objective_viability,0.2440325370626597,0.1119480440981869,0.49003089412160794,0.521855112376612,0.6166951638895886,0.6509433191884262,0.4886573385105496,0.6347999573765842,0.5729229733290484,0.6074087758306105,0.7077894868534148
