model,n,deceptive_efficacy,objective_viability,alibi_grounding,belief_volatility,faction_consensus,social_influence
qwen3-32b,470,-0.09844397163120566,0.5671012906239685,0.46668930962641364,0.8708394321463095,0.21401286629823105,0.2145192091808528
gemma-4-26B-A4B-it,389,-0.1184305912596401,0.49003089412160794,0.4311767139987913,0.8887634591635474,0.17663573786296646,0.2555214377048672
gemma-4-31b,214,-0.10301059190031152,0.521855112376612,0.39141549012621824,0.9126924289815774,0.09638182108975689,0.27309717077651285
deepseek-r1-distill-qwen-32b,129,-0.07578036175710594,0.1119480440981869,0.3612348462261604,0.8735373571649196,0.6822736981462111,0.15834961045658483
