partition,value,n_games,n_matchups,crew_win_rate,imp_win_rate
family,across_family,1920,16,0.6947916666666667,0.30520833333333336
family,within_family,720,6,0.7194444444444444,0.28055555555555556
size,diff_size,480,4,0.6770833333333334,0.3229166666666667
size,same_size,2160,18,0.7069444444444445,0.29305555555555557
