,deepseek-r1-distill-llama-8B,llama-3.1-8b,qwen3-8B
deceptive_efficacy,-0.06332135826771652,-0.024517382413087933,-0.05426088854648177
spatial_dispersion,0.23868110236220472,0.31441717791411045,0.30431432973805855
alibi_corroboration,0.516864281782701,0.32739388248509455,0.40874789044949666
alibi_grounding,0.48363509298656815,0.5869873479307203,0.5704997919935386
social_influence,0.1090228731291865,0.12303562049429038,0.1381117176120976
belief_volatility,0.15128839136169248,0.17479183909550294,0.11692321491558001
faction_consensus,0.7309009854722399,0.3299189022375857,0.3020112751104533
objective_viability,0.2440325370626597,0.6509433191884262,0.7077894868534148
