model,n,detection_accuracy,objective_viability,alibi_grounding,alibi_corroboration,faction_consensus,social_influence
qwen3-32b,784,0.8158133855600603,0.9467934971701025,0.572151636518394,0.40428739371022115,0.2901284751363491,0.16797691373543322
gemma-4-26B-A4B-it,1013,0.8441034690858846,0.9300755156069889,0.6029913487829143,0.3296918474376687,0.15530653192905428,0.27563883344082757
gemma-4-31b,473,0.844315062054571,0.9440041731394567,0.5995690589735763,0.31510449474582697,0.12764107948394623,0.35091173029727485
deepseek-r1-distill-qwen-32b,615,0.8112370847063176,0.9688658255324922,0.5917687325245846,0.461469591462251,0.3936422313244368,0.20482535626170803
