model,n,deceptive_efficacy,objective_viability,alibi_grounding,belief_volatility,faction_consensus,social_influence
llama-3.1-8b,652,-0.024517382413087933,0.6509433191884262,0.41301265206927973,0.825208160904497,0.3299189022375857,0.12303562049429038
qwen3-8B,649,-0.05426088854648177,0.7077894868534148,0.4295002080064614,0.88307678508442,0.3020112751104533,0.1381117176120976
deepseek-r1-distill-llama-8B,508,-0.06332135826771652,0.2440325370626597,0.5163649070134319,0.8487116086383075,0.7309009854722399,0.1090228731291865
