,deepseek-r1-distill-llama-8B,deepseek-r1-distill-qwen-32b,gemma-4-26B-A4B-it,gemma-4-31b,gemma-4-E4B-it,llama-3.1-8b,llama-3.2-3b-instruct,llama-3.3-70b,qwen3-32b,qwen3-4b,qwen3-8B
detection_accuracy,0.22426204924580445,0.18876291529368236,0.1558965309141154,0.155684937945429,0.18390882317527224,0.2003242154761254,0.22810766134508817,0.1739854670099773,0.18260018816929252,0.19256748443532784,0.1951992779862415
spatial_dispersion,0.25629588839941264,0.357520325203252,0.37769825600526485,0.3988900634249471,0.37342718109141465,0.3973065015479876,0.3485348375195118,0.34449250288350636,0.38611527881970487,0.33534445870774493,0.3621700310559006
alibi_corroboration,0.6676403069485554,0.461469591462251,0.3296918474376687,0.31510449474582697,0.346186187653426,0.3835039099712762,0.34454979939363084,0.31929958667886044,0.39623757662072157,0.3317867906918673,0.38398309937612624
alibi_grounding,0.5555048108413995,0.5917687325245846,0.6029913487829143,0.5995690589735763,0.6163490690805922,0.6087318012891645,0.5729242139507323,0.5809654252858553,0.569826926318259,0.659561829440027,0.6561563521482973
social_influence,0.18131791895541025,0.20482535626170803,0.27563883344082757,0.35091173029727485,0.1559503861541177,0.1319639554192162,0.1843050512815428,0.18341475780132796,0.15246738451948832,0.17706679731542774,0.09809063138845495
belief_volatility,0.1623037645526019,0.08768945746117146,0.0749381827646613,0.06310480407139477,0.03962434507222704,0.14867424523544828,0.09328617533807898,0.07020351616900397,0.07996182473002379,0.06540182314207732,0.050079092619999106
faction_consensus,0.7747253578626502,0.3936422313244368,0.15530653192905428,0.12764107948394623,0.3095377561094253,0.3920183554634471,0.4568110004539182,0.30213800658714607,0.27772769210805004,0.303506186133628,0.37908543212750273
objective_viability,0.9856421917332039,0.9688658255324922,0.9300755156069889,0.9440041731394567,0.9590405306968209,0.9868505759042782,0.9432888749841257,0.9477808883149956,0.9277921735219248,0.9776696970106579,0.9644621015380357
