,deepseek-r1-distill-llama-8B,llama-3.1-8b,qwen3-8B
detection_accuracy,0.22426204924580445,0.2003242154761254,0.1951992779862415
spatial_dispersion,0.25629588839941264,0.3973065015479876,0.3621700310559006
alibi_corroboration,0.6676403069485554,0.3835039099712762,0.38398309937612624
alibi_grounding,0.5555048108413995,0.6087318012891645,0.6561563521482973
social_influence,0.18131791895541025,0.1319639554192162,0.09809063138845495
belief_volatility,0.1623037645526019,0.14867424523544828,0.050079092619999106
faction_consensus,0.7747253578626502,0.3920183554634471,0.37908543212750273
objective_viability,0.9856421917332039,0.9868505759042782,0.9644621015380357
