model,n,deceptive_efficacy,objective_viability,alibi_grounding,belief_volatility,faction_consensus,social_influence
qwen3-4b,518,-0.043613320463320455,0.6352069858963635,0.4293325776548734,0.8747493583999872,0.31431678055807993,0.1770770058611076
llama-3.2-3b-instruct,431,-0.05195436968290797,0.4883519451850181,0.5002209250882861,0.7927984992151568,0.3798521718563967,0.14225830397599268
gemma-4-E4B-it,533,-0.031591307066916825,0.6166951638895886,0.4190884996770148,0.9342309246826614,0.27920534704078603,0.17529171220212117
