model,n,detection_accuracy,objective_viability,alibi_grounding,alibi_corroboration,faction_consensus,social_influence
llama-3.1-8b,1615,0.7996757845238747,0.9868505759042782,0.6087318012891645,0.3835039099712762,0.3920183554634471,0.1319639554192162
qwen3-8B,1288,0.8048007220137585,0.9644621015380357,0.6561563521482973,0.38398309937612624,0.37908543212750273,0.09809063138845495
deepseek-r1-distill-llama-8B,1816,0.7757379507541955,0.9856421917332039,0.5555048108413995,0.6676403069485554,0.7747253578626502,0.18131791895541025
