model,n,detection_accuracy,objective_viability,alibi_grounding,alibi_corroboration,faction_consensus,social_influence
qwen3-4b,1034,0.8051812751991918,0.9790440234757013,0.6561519099819245,0.3369511961860824,0.31047448528090277,0.17833660552658742
llama-3.2-3b-instruct,1592,0.7723204056889237,0.9483623267840143,0.5696948761480156,0.3566126764766552,0.4571175972336465,0.1799396286417632
gemma-4-E4B-it,959,0.8160911768247278,0.9590405306968209,0.6163490690805922,0.346186187653426,0.3095377561094253,0.1559503861541177
