,deepseek-r1-distill-qwen-32b,gemma-4-26B-A4B-it,gemma-4-31b,qwen3-32b
deceptive_efficacy,-0.07578036175710594,-0.1184305912596401,-0.10301059190031152,-0.09844397163120566
spatial_dispersion,0.35658914728682173,0.2827763496143959,0.27686915887850466,0.3026595744680851
alibi_corroboration,0.4736582753284959,0.42903131564139774,0.4082514058457929,0.4399197905105494
alibi_grounding,0.6387651537738396,0.5688232860012087,0.6085845098737818,0.5333106903735864
social_influence,0.15834961045658483,0.2555214377048672,0.27309717077651285,0.2145192091808528
belief_volatility,0.12646264283508038,0.11123654083645268,0.08730757101842251,0.1291605678536905
faction_consensus,0.6822736981462111,0.17663573786296646,0.09638182108975689,0.21401286629823105
objective_viability,0.1119480440981869,0.49003089412160794,0.521855112376612,0.5671012906239685
