,deepseek-r1-distill-qwen-32b,gemma-4-26B-A4B-it,gemma-4-31b,qwen3-32b
detection_accuracy,0.18876291529368236,0.1558965309141154,0.155684937945429,0.18418661443993967
spatial_dispersion,0.357520325203252,0.37769825600526485,0.3988900634249471,0.4069621598639457
alibi_corroboration,0.461469591462251,0.3296918474376687,0.31510449474582697,0.40428739371022115
alibi_grounding,0.5917687325245846,0.6029913487829143,0.5995690589735763,0.572151636518394
social_influence,0.20482535626170803,0.27563883344082757,0.35091173029727485,0.16797691373543322
belief_volatility,0.08768945746117146,0.0749381827646613,0.06310480407139477,0.07838282722065638
faction_consensus,0.3936422313244368,0.15530653192905428,0.12764107948394623,0.2901284751363491
objective_viability,0.9688658255324922,0.9300755156069889,0.9440041731394567,0.9467934971701025
