system,crew_n_models,"r(crew_rating, detection_skill)",imp_n_models,"r(imp_rating, deceptive_efficacy)","r(imp_rating, objective_viability)","r(imp_rating, alibi_opacity)"
Win-rate ELO,11,0.8551337089499581,11,0.5618814036163629,0.9217263561498092,0.013691848408664121
Bradley-Terry,11,0.6879070536768924,11,0.3739199542393662,0.12347432083652239,0.2055007814828468
TrueSkill,11,0.8842527873042227,11,0.06095806999291161,0.8268421808951509,-0.14788679026231497
