,gemma-4-E4B-it,llama-3.2-3b-instruct,qwen3-4b
deceptive_efficacy,-0.031591307066916825,-0.05195436968290797,-0.043613320463320455
spatial_dispersion,0.23076923076923078,0.33642691415313225,0.3141891891891892
alibi_corroboration,0.37340214499810764,0.33469889861067703,0.4228715728001921
alibi_grounding,0.5809115003229852,0.49977907491171397,0.5706674223451266
social_influence,0.17529171220212117,0.14225830397599268,0.1770770058611076
belief_volatility,0.06576907531733854,0.2072015007848432,0.12525064160001273
faction_consensus,0.27920534704078603,0.3798521718563967,0.31431678055807993
objective_viability,0.6166951638895886,0.4883519451850181,0.6352069858963635
