label,r,abs_r
"detection skill
(1 − MSE)",0.8551337089499581,0.8551337089499581
faction_consensus,-0.8231827532110347,0.8231827532110347
spatial_dispersion,0.7304329822563005,0.7304329822563005
alibi_corroboration,-0.6057637217469757,0.6057637217469757
"belief stability
(1 − volatility)",0.5329555026520159,0.5329555026520159
objective_viability,-0.41383261859916515,0.41383261859916515
alibi_grounding,0.35654712824757173,0.35654712824757173
social_influence,0.13904671693653017,0.13904671693653017
