label,r,abs_r
"objective_viability
(survival)",0.9217263561498092,0.9217263561498092
alibi_corroboration,-0.670392798058741,0.670392798058741
faction_consensus,-0.6169629386196555,0.6169629386196555
deceptive_efficacy,0.561881403616363,0.561881403616363
spatial_dispersion,-0.5232138714165627,0.5232138714165627
"belief stability
(1 − volatility)",0.2778514852520952,0.2778514852520952
social_influence,0.08845005563071481,0.08845005563071481
"alibi opacity
(1 − grounding)",0.013691848408664099,0.013691848408664099
