model,n,detection_accuracy,objective_viability,alibi_grounding,alibi_corroboration,faction_consensus,social_influence,pareto
llama-3.2-3b-instruct,851,0.7613046786686641,0.9856242755629745,0.5922848693773632,0.4113250928961889,0.49247599092740046,0.2111041723567366,True
qwen3-4b,432,0.8163576659617229,0.9758510528697075,0.6179294212922108,0.29219374906215,0.29428484445588843,0.11715441235130483,True
gemma-4-E4B-it,503,0.8139499363394943,0.9738776419842199,0.6235018459577876,0.29594011461280884,0.3168191591149762,0.15194810212011897,True
