model,n,deceptive_efficacy,objective_viability,alibi_grounding,belief_volatility,faction_consensus,social_influence,pareto
llama-3.2-3b-instruct,322,-0.0228537784679089,0.6498777821973366,0.4947073889701955,0.8106339706065333,0.3843207794170217,0.20023272822833987,True
qwen3-4b,187,-0.09714349376114079,0.5844111429433482,0.41467405155828996,0.8662494867555471,0.3202686345841767,0.13397819067417543,True
gemma-4-E4B-it,223,-0.030340059790732437,0.6569838512227828,0.4648130893526605,0.9298991468959347,0.2767313522266631,0.12200361488223416,True
