,deepseek-r1-distill-llama-8B,deepseek-r1-distill-qwen-32b,gemma-4-26B-A4B-it,gemma-4-31b,gemma-4-E4B-it,llama-3.1-8b,llama-3.2-3b-instruct,llama-3.3-70b,qwen3-32b,qwen3-4b,qwen3-8B
detection_accuracy,0.2228718766873575,0.19603883815038886,0.1460428887429691,0.14585354673762785,0.18605006366050567,0.21384501635447245,0.23869532133133595,0.1659820157123783,0.2026589402192823,0.1836423340382771,0.1982010553656597
spatial_dispersion,0.3285197368421052,0.3255928853754941,0.3983333333333333,0.4094777562862669,0.380053015241882,0.4015644555694618,0.2697512730121426,0.4135039370078741,0.35754504504504503,0.35445601851851855,0.35887230514096186
alibi_corroboration,0.48474750950353496,0.47293688810899287,0.3418973452807884,0.3272555624647442,0.2959401146128089,0.34243540651296994,0.4113250928961889,0.3055181037364261,0.3674706523927364,0.29219374906215007,0.3351296786293444
alibi_grounding,0.6002599884660356,0.578892034541155,0.6216954578676418,0.583875016993111,0.6235018459577876,0.6322099502743932,0.5922848693773632,0.6113948255226853,0.6069729282834552,0.617929421292211,0.6510882381556247
social_influence,0.12071275088760859,0.1999522172976934,0.21865271388969243,0.39145393283259805,0.151948102120119,0.10603589927937088,0.21110417235673667,0.1119404500892325,0.18123014023632383,0.11715441235130487,0.09018928621737984
belief_volatility,0.11591963000604474,0.0797707836192427,0.0684280969568029,0.06846047328350365,0.03581626966355799,0.14551880497145717,0.09538458387096026,0.06333869858373213,0.07782847067470654,0.07401886069986056,0.05221209415328185
faction_consensus,0.5000662937974455,0.2989697371369184,0.16298727462186105,0.1193711880786059,0.31681915911497627,0.3843087193315888,0.49247599092740046,0.29190923937254765,0.2984938045604802,0.2942848444558885,0.37201094007706464
objective_viability,0.9766285393051566,0.9694862241084227,0.925244846806713,0.9650981576523386,0.9738776419842199,0.9780103643441721,0.9856242755629745,0.916916154183129,0.9436962061962063,0.9758510528697075,0.9408657499788532
