model,n,detection_accuracy,objective_viability,alibi_grounding,alibi_corroboration,faction_consensus,social_influence,pareto
deepseek-r1-distill-llama-8B,760,0.7771281233126425,0.9766285393051566,0.6002599884660356,0.48474750950353496,0.5000662937974455,0.12071275088760855,True
llama-3.1-8b,799,0.7861549836455275,0.9780103643441721,0.6322099502743932,0.34243540651296983,0.3843087193315888,0.10603589927937083,True
qwen3-8B,603,0.8017989446343403,0.9408657499788532,0.6510882381556247,0.3351296786293444,0.3720109400770646,0.0901892862173798,True
