model,n,detection_accuracy,objective_viability,alibi_grounding,alibi_corroboration,faction_consensus,social_influence,pareto
deepseek-r1-distill-qwen-32b,759,0.8039611618496112,0.9694862241084227,0.578892034541155,0.47293688810899287,0.2989697371369184,0.1999522172976934,True
gemma-4-26B-A4B-it,525,0.8539571112570309,0.925244846806713,0.6216954578676418,0.34189734528078836,0.162987274621861,0.21865271388969237,True
gemma-4-31b,517,0.8541464532623722,0.9650981576523386,0.583875016993111,0.3272555624647442,0.11937118807860585,0.39145393283259805,True
qwen3-32b,518,0.7973410597807178,0.9436962061962063,0.6069729282834552,0.36747065239273635,0.29849380456048014,0.18123014023632378,True
llama-3.3-70b,635,0.8340179842876217,0.916916154183129,0.6113948255226853,0.3055181037364261,0.2919092393725476,0.11194045008923245,True
