model,n,detection_accuracy,objective_viability,alibi_grounding,alibi_corroboration,faction_consensus,social_influence,pareto
llama-3.2-3b-instruct,851,0.7613046786686641,0.9856242755629745,0.5922848693773632,0.4113250928961889,0.49247599092740046,0.2111041723567366,True
llama-3.1-8b,799,0.7861549836455275,0.9780103643441721,0.6322099502743932,0.34243540651296983,0.3843087193315888,0.10603589927937083,True
llama-3.3-70b,635,0.8340179842876217,0.916916154183129,0.6113948255226853,0.3055181037364261,0.2919092393725476,0.11194045008923245,True
