model,n,detection_accuracy,objective_viability,alibi_grounding,alibi_corroboration,faction_consensus,social_influence,pareto
deepseek-r1-distill-llama-8B,760,0.7771281233126425,0.9766285393051566,0.6002599884660356,0.48474750950353496,0.5000662937974455,0.12071275088760855,True
deepseek-r1-distill-qwen-32b,759,0.8039611618496112,0.9694862241084227,0.578892034541155,0.47293688810899287,0.2989697371369184,0.1999522172976934,True
