model,n,deceptive_efficacy,objective_viability,alibi_grounding,belief_volatility,faction_consensus,social_influence,pareto
gemma-4-E4B-it,223,-0.030340059790732437,0.6569838512227828,0.4648130893526605,0.9298991468959347,0.2767313522266631,0.12200361488223416,True
gemma-4-26B-A4B-it,215,-0.11553333333333334,0.5402265658201062,0.41954428011671885,0.9158152681659671,0.18167470104954433,0.22019945355404894,True
gemma-4-31b,214,-0.1665529595015576,0.5136902028972591,0.4301688447560895,0.9078398721839441,0.12171407294565215,0.408640228048014,True
