model,n,deceptive_efficacy,objective_viability,alibi_grounding,belief_volatility,faction_consensus,social_influence,pareto
deepseek-r1-distill-llama-8B,311,-0.004833945980707398,0.671916418702567,0.5332528315465823,0.8845506839836831,0.3425978381945698,0.11220081941731852,True
deepseek-r1-distill-qwen-32b,284,-0.05759947183098592,0.5707081212637874,0.4346169676258238,0.8931463558300395,0.22148414171005507,0.18988812753161394,True
