model,n,deceptive_efficacy,objective_viability,alibi_grounding,belief_volatility,faction_consensus,social_influence,pareto
deepseek-r1-distill-qwen-32b,284,-0.05759947183098592,0.5707081212637874,0.4346169676258238,0.8931463558300395,0.22148414171005507,0.18988812753161394,True
gemma-4-26B-A4B-it,215,-0.11553333333333334,0.5402265658201062,0.41954428011671885,0.9158152681659671,0.18167470104954433,0.22019945355404894,True
gemma-4-31b,214,-0.1665529595015576,0.5136902028972591,0.4301688447560895,0.9078398721839441,0.12171407294565215,0.408640228048014,True
qwen3-32b,215,-0.06242093023255814,0.5662091249817187,0.4575544482475764,0.8677017107119546,0.2017591361463081,0.14248050253260844,True
llama-3.3-70b,260,-0.07339423076923075,0.5873716437881736,0.4296245422432572,0.9074223986822322,0.2429274489170574,0.09726432484010256,True
