metric,llama-3.2-3b-instruct,llama-3.1-8b,llama-3.3-70b
deceptive_efficacy,-0.0228537784679089,-0.048386697341513296,-0.07339423076923075
spatial_dispersion,0.29037267080745344,0.30368098159509205,0.2826923076923077
alibi_corroboration,0.30575856160699,0.3453956744894073,0.38071886438505076
alibi_grounding,0.5052926110298045,0.5592633251925142,0.5703754577567428
social_influence,0.20023272822833987,0.10097798804159556,0.09726432484010256
belief_volatility,0.18936602939346672,0.17185140406967156,0.09257760131776786
faction_consensus,0.3843207794170217,0.3325692775969966,0.2429274489170574
objective_viability,0.6498777821973366,0.6094522280684457,0.5873716437881736
