metric,qwen3-4b,qwen3-8B,qwen3-32b
deceptive_efficacy,-0.09714349376114079,-0.0396187584345479,-0.06242093023255814
spatial_dispersion,0.3315508021390374,0.30364372469635625,0.32558139534883723
alibi_corroboration,0.4755011921226903,0.4046929677727747,0.41511812468158754
alibi_grounding,0.58532594844171,0.6033625729636602,0.5424455517524236
social_influence,0.13397819067417543,0.07450255204006034,0.14248050253260844
belief_volatility,0.1337505132444529,0.11131623652596856,0.13229828928804546
faction_consensus,0.3202686345841767,0.3007744535594071,0.2017591361463081
objective_viability,0.5844111429433482,0.6326026271053812,0.5662091249817187
