metric,deepseek-r1-distill-llama-8B,llama-3.1-8b,qwen3-8B
deceptive_efficacy,-0.004833945980707398,-0.048386697341513296,-0.0396187584345479
spatial_dispersion,0.26366559485530544,0.30368098159509205,0.30364372469635625
alibi_corroboration,0.4167558771602,0.3453956744894073,0.4046929677727747
alibi_grounding,0.4667471684534176,0.5592633251925142,0.6033625729636602
social_influence,0.11220081941731852,0.10097798804159556,0.07450255204006034
belief_volatility,0.11544931601631689,0.17185140406967156,0.11131623652596856
faction_consensus,0.3425978381945698,0.3325692775969966,0.3007744535594071
objective_viability,0.671916418702567,0.6094522280684457,0.6326026271053812
