,deepseek-r1-distill-llama-8B,deepseek-r1-distill-qwen-32b,gemma-4-26B-A4B-it,gemma-4-31b,gemma-4-E4B-it,llama-3.1-8b,llama-3.2-3b-instruct,llama-3.3-70b,qwen3-32b,qwen3-4b,qwen3-8B
deceptive_efficacy,-0.004833945980707398,-0.05759947183098592,-0.11553333333333334,-0.1665529595015576,-0.030340059790732437,-0.048386697341513296,-0.0228537784679089,-0.07339423076923078,-0.06242093023255814,-0.09714349376114081,-0.03961875843454791
spatial_dispersion,0.26366559485530544,0.22975352112676056,0.26976744186046514,0.2967289719626168,0.29035874439461884,0.30368098159509205,0.29037267080745344,0.2826923076923077,0.32558139534883723,0.3315508021390374,0.30364372469635625
alibi_corroboration,0.4167558771602,0.41245463255937037,0.4075235745419344,0.4066170718545056,0.3917182716785188,0.3453956744894073,0.30575856160699,0.38071886438505076,0.41511812468158754,0.4755011921226903,0.4046929677727747
alibi_grounding,0.4667471684534176,0.5653830323741762,0.5804557198832812,0.5698311552439105,0.5351869106473395,0.5592633251925142,0.5052926110298045,0.5703754577567428,0.5424455517524236,0.58532594844171,0.6033625729636602
social_influence,0.11220081941731855,0.18988812753161394,0.22019945355404894,0.40864022804801403,0.12200361488223421,0.1009779880415956,0.20023272822833993,0.09726432484010261,0.14248050253260847,0.13397819067417546,0.07450255204006039
belief_volatility,0.11544931601631692,0.10685364416996052,0.08418473183403287,0.09216012781605588,0.07010085310406534,0.17185140406967156,0.18936602939346675,0.0925776013177679,0.1322982892880455,0.13375051324445292,0.1113162365259686
faction_consensus,0.3425978381945698,0.2214841417100551,0.1816747010495444,0.1217140729456522,0.2767313522266631,0.3325692775969966,0.3843207794170217,0.24292744891705742,0.20175913614630817,0.3202686345841767,0.3007744535594071
objective_viability,0.671916418702567,0.5707081212637876,0.5402265658201062,0.5136902028972591,0.6569838512227828,0.6094522280684457,0.6498777821973366,0.5873716437881736,0.5662091249817187,0.5844111429433482,0.6326026271053812
