metric,qwen3-4b,qwen3-8B,qwen3-32b
detection_accuracy,0.18364233403827707,0.19820105536565968,0.20265894021928224
spatial_dispersion,0.35445601851851855,0.35887230514096186,0.35754504504504503
alibi_corroboration,0.29219374906215,0.3351296786293444,0.36747065239273635
alibi_grounding,0.6179294212922108,0.6510882381556247,0.6069729282834552
social_influence,0.11715441235130483,0.0901892862173798,0.18123014023632378
belief_volatility,0.07401886069986052,0.052212094153281804,0.07782847067470648
faction_consensus,0.29428484445588843,0.3720109400770646,0.29849380456048014
objective_viability,0.9758510528697075,0.9408657499788532,0.9436962061962063
