metric,llama-3.2-3b-instruct,llama-3.1-8b,llama-3.3-70b
detection_accuracy,0.23869532133133592,0.21384501635447245,0.16598201571237828
spatial_dispersion,0.2697512730121426,0.4015644555694618,0.4135039370078741
alibi_corroboration,0.4113250928961889,0.34243540651296983,0.3055181037364261
alibi_grounding,0.5922848693773632,0.6322099502743932,0.6113948255226853
social_influence,0.2111041723567366,0.10603589927937083,0.11194045008923245
belief_volatility,0.0953845838709602,0.1455188049714571,0.06333869858373208
faction_consensus,0.49247599092740046,0.3843087193315888,0.2919092393725476
objective_viability,0.9856242755629745,0.9780103643441721,0.916916154183129
