model,n,detection_accuracy,objective_viability,alibi_grounding,alibi_corroboration,faction_consensus,social_influence,pareto
gemma-4-E4B-it,503,0.8139499363394943,0.9738776419842199,0.6235018459577876,0.29594011461280884,0.3168191591149762,0.15194810212011897,True
gemma-4-26B-A4B-it,525,0.8539571112570309,0.925244846806713,0.6216954578676418,0.34189734528078836,0.162987274621861,0.21865271388969237,True
gemma-4-31b,517,0.8541464532623722,0.9650981576523386,0.583875016993111,0.3272555624647442,0.11937118807860585,0.39145393283259805,True
