model,n,deceptive_efficacy,objective_viability,alibi_grounding,belief_volatility,faction_consensus,social_influence,pareto
deepseek-r1-distill-llama-8B,311,-0.004833945980707398,0.671916418702567,0.5332528315465823,0.8845506839836831,0.3425978381945698,0.11220081941731852,True
llama-3.1-8b,326,-0.048386697341513296,0.6094522280684457,0.4407366748074858,0.8281485959303284,0.3325692775969966,0.10097798804159556,False
qwen3-8B,247,-0.0396187584345479,0.6326026271053812,0.39663742703633975,0.8886837634740314,0.3007744535594071,0.07450255204006034,True
