model,n,detection_accuracy,objective_viability,alibi_grounding,alibi_corroboration,faction_consensus,social_influence,pareto
qwen3-4b,432,0.8163576659617229,0.9758510528697075,0.6179294212922108,0.29219374906215,0.29428484445588843,0.11715441235130483,True
qwen3-8B,603,0.8017989446343403,0.9408657499788532,0.6510882381556247,0.3351296786293444,0.3720109400770646,0.0901892862173798,True
qwen3-32b,518,0.7973410597807178,0.9436962061962063,0.6069729282834552,0.36747065239273635,0.29849380456048014,0.18123014023632378,True
