metric,llama-3.2-3b-instruct,qwen3-4b,gemma-4-E4B-it
deceptive_efficacy,-0.0228537784679089,-0.09714349376114079,-0.030340059790732437
spatial_dispersion,0.29037267080745344,0.3315508021390374,0.29035874439461884
alibi_corroboration,0.30575856160699,0.4755011921226903,0.3917182716785188
alibi_grounding,0.5052926110298045,0.58532594844171,0.5351869106473395
social_influence,0.20023272822833987,0.13397819067417543,0.12200361488223416
belief_volatility,0.18936602939346672,0.1337505132444529,0.0701008531040653
faction_consensus,0.3843207794170217,0.3202686345841767,0.2767313522266631
objective_viability,0.6498777821973366,0.5844111429433482,0.6569838512227828
