model,n,deceptive_efficacy,objective_viability,alibi_grounding,belief_volatility,faction_consensus,social_influence,pareto
qwen3-4b,187,-0.09714349376114079,0.5844111429433482,0.41467405155828996,0.8662494867555471,0.3202686345841767,0.13397819067417543,True
qwen3-8B,247,-0.0396187584345479,0.6326026271053812,0.39663742703633975,0.8886837634740314,0.3007744535594071,0.07450255204006034,True
qwen3-32b,215,-0.06242093023255814,0.5662091249817187,0.4575544482475764,0.8677017107119546,0.2017591361463081,0.14248050253260844,True
