model,n,deceptive_efficacy,objective_viability,alibi_grounding,belief_volatility,faction_consensus,social_influence,pareto
llama-3.2-3b-instruct,322,-0.0228537784679089,0.6498777821973366,0.4947073889701955,0.8106339706065333,0.3843207794170217,0.20023272822833987,True
llama-3.1-8b,326,-0.048386697341513296,0.6094522280684457,0.4407366748074858,0.8281485959303284,0.3325692775969966,0.10097798804159556,True
llama-3.3-70b,260,-0.07339423076923075,0.5873716437881736,0.4296245422432572,0.9074223986822322,0.2429274489170574,0.09726432484010256,True
