metric,llama-3.2-3b-instruct,qwen3-4b,gemma-4-E4B-it
detection_accuracy,0.23869532133133592,0.18364233403827707,0.18605006366050567
spatial_dispersion,0.2697512730121426,0.35445601851851855,0.380053015241882
alibi_corroboration,0.4113250928961889,0.29219374906215,0.29594011461280884
alibi_grounding,0.5922848693773632,0.6179294212922108,0.6235018459577876
social_influence,0.2111041723567366,0.11715441235130483,0.15194810212011897
belief_volatility,0.0953845838709602,0.07401886069986052,0.035816269663557936
faction_consensus,0.49247599092740046,0.29428484445588843,0.3168191591149762
objective_viability,0.9856242755629745,0.9758510528697075,0.9738776419842199
