metric,deepseek-r1-distill-llama-8B,llama-3.1-8b,qwen3-8B
detection_accuracy,0.2228718766873575,0.21384501635447245,0.19820105536565968
spatial_dispersion,0.3285197368421052,0.4015644555694618,0.35887230514096186
alibi_corroboration,0.48474750950353496,0.34243540651296983,0.3351296786293444
alibi_grounding,0.6002599884660356,0.6322099502743932,0.6510882381556247
social_influence,0.12071275088760855,0.10603589927937083,0.0901892862173798
belief_volatility,0.1159196300060447,0.1455188049714571,0.052212094153281804
faction_consensus,0.5000662937974455,0.3843087193315888,0.3720109400770646
objective_viability,0.9766285393051566,0.9780103643441721,0.9408657499788532
